{"stats":{"minecraft:dropped":{"minecraft:rotten_flesh":16,"minecraft:stone_pickaxe":1,"minecraft:wooden_pickaxe":3,"minecraft:iron_pickaxe":1},"minecraft:killed":{"minecraft:evoker":3,"minecraft:vex":3,"minecraft:husk":2,"minecraft:pig":3,"minecraft:witch":3,"minecraft:spider":2,"minecraft:vindicator":6,"minecraft:sheep":7,"minecraft:skeleton":1,"minecraft:pillager":11,"minecraft:zombie":9,"minecraft:silverfish":1,"minecraft:cow":14},"minecraft:mined":{"minecraft:diamond_ore":10,"minecraft:stone_pressure_plate":1,"minecraft:white_bed":1,"minecraft:dark_oak_leaves":6,"minecraft:orange_terracotta":1,"minecraft:dark_oak_log":85,"minecraft:crafting_table":3,"minecraft:torch":1,"minecraft:granite":29,"minecraft:grass_block":1,"minecraft:tall_grass":3,"minecraft:spruce_leaves":1,"minecraft:diorite":25,"minecraft:redstone_ore":7,"minecraft:furnace":3,"minecraft:iron_ore":49,"minecraft:wheat":2,"minecraft:sweet_berry_bush":1,"minecraft:andesite":42,"minecraft:grass":13,"minecraft:oak_log":13,"minecraft:potatoes":1,"minecraft:coal_ore":47,"minecraft:vine":1,"minecraft:sand":1,"minecraft:gravel":13,"minecraft:stone":375,"minecraft:gold_ore":5,"minecraft:oak_leaves":1,"minecraft:infested_stone":2},"minecraft:killed_by":{"minecraft:vindicator":13,"minecraft:evoker":2,"minecraft:player":2,"minecraft:zombie":2,"minecraft:pillager":2,"minecraft:iron_golem":1,"minecraft:ravager":2,"minecraft:vex":3},"minecraft:custom":{"minecraft:interact_with_furnace":33,"minecraft:mob_kills":72,"minecraft:interact_with_crafting_table":19,"minecraft:play_one_minute":73817,"minecraft:raid_trigger":1,"minecraft:bell_ring":35,"minecraft:leave_game":1,"minecraft:time_since_death":26206,"minecraft:sleep_in_bed":4,"minecraft:climb_one_cm":3678,"minecraft:time_since_rest":16509,"minecraft:sprint_one_cm":260360,"minecraft:damage_taken":8841,"minecraft:walk_one_cm":185515,"minecraft:damage_blocked_by_shield":1745,"minecraft:drop":6,"minecraft:damage_dealt":12231,"minecraft:swim_one_cm":12886,"minecraft:talked_to_villager":1,"minecraft:player_kills":1,"minecraft:fly_one_cm":547127,"minecraft:raid_win":1,"minecraft:open_chest":11,"minecraft:crouch_one_cm":2186,"minecraft:deaths":28,"minecraft:sneak_time":714,"minecraft:walk_under_water_one_cm":4676,"minecraft:jump":2513,"minecraft:walk_on_water_one_cm":14558,"minecraft:fall_one_cm":79825},"minecraft:broken":{"minecraft:iron_axe":1,"minecraft:iron_pickaxe":1},"minecraft:crafted":{"minecraft:oak_planks":52,"minecraft:cooked_porkchop":3,"minecraft:crafting_table":3,"minecraft:wooden_pickaxe":1,"minecraft:iron_helmet":1,"minecraft:furnace":1,"minecraft:cooked_mutton":10,"minecraft:air":0,"minecraft:iron_boots":1,"minecraft:iron_chestplate":1,"minecraft:diamond_pickaxe":1,"minecraft:shield":1,"minecraft:iron_axe":2,"minecraft:stick":16,"minecraft:iron_ingot":42,"minecraft:iron_pickaxe":2,"minecraft:stone_pickaxe":1,"minecraft:iron_leggings":1,"minecraft:white_bed":1,"minecraft:torch":4},"minecraft:picked_up":{"minecraft:crafting_table":3,"minecraft:wheat":2,"minecraft:andesite":102,"minecraft:leather":13,"minecraft:wooden_pickaxe":3,"minecraft:potato":3,"minecraft:oak_log":13,"minecraft:dirt":22,"minecraft:white_banner":7,"minecraft:orange_terracotta":1,"minecraft:wheat_seeds":6,"minecraft:beef":28,"minecraft:iron_ore":61,"minecraft:light_gray_wool":1,"minecraft:spruce_trapdoor":1,"minecraft:furnace":3,"minecraft:egg":3,"minecraft:stick":3,"minecraft:pumpkin":3,"minecraft:sweet_berries":2,"minecraft:torch":3,"minecraft:gravel":12,"minecraft:porkchop":3,"minecraft:stone_pressure_plate":1,"minecraft:spruce_sapling":4,"minecraft:white_bed":1,"minecraft:diorite":25,"minecraft:spruce_log":1,"minecraft:redstone":22,"minecraft:gold_ore":5,"minecraft:dark_oak_log":83,"minecraft:pumpkin_seeds":12,"minecraft:rotten_flesh":24,"minecraft:diamond":10,"minecraft:crossbow":2,"minecraft:granite":25,"minecraft:totem_of_undying":4,"minecraft:saddle":1,"minecraft:emerald":1,"minecraft:black_wool":1,"minecraft:mutton":10,"minecraft:coal":115,"minecraft:white_wool":5,"minecraft:cobblestone":284},"minecraft:used":{"minecraft:cooked_mutton":8,"minecraft:diorite":9,"minecraft:stone_pickaxe":122,"minecraft:wooden_pickaxe":3,"minecraft:shield":27,"minecraft:spruce_sign":1,"minecraft:torch":2,"minecraft:crafting_table":5,"minecraft:crossbow":2,"minecraft:white_bed":1,"minecraft:granite":25,"minecraft:diamond_pickaxe":17,"minecraft:iron_pickaxe":476,"minecraft:iron_axe":269,"minecraft:spruce_trapdoor":1,"minecraft:gravel":4,"minecraft:cobblestone":21,"minecraft:sweet_berries":2,"minecraft:furnace":3,"minecraft:cooked_porkchop":3,"minecraft:andesite":30,"minecraft:potato":6,"minecraft:pumpkin":3}},"DataVersion":2567}