{"stats":{"minecraft:dropped":{"minecraft:wheat_seeds":1,"minecraft:oak_planks":24},"minecraft:killed":{"minecraft:zombie_villager":1,"minecraft:sheep":1,"minecraft:skeleton":1,"minecraft:zombie":2,"minecraft:chicken":5},"minecraft:mined":{"minecraft:crafting_table":4,"minecraft:torch":7,"minecraft:cobblestone":7,"minecraft:sugar_cane":5,"minecraft:oak_planks":18,"minecraft:diorite":5,"minecraft:wall_torch":6,"minecraft:furnace":2,"minecraft:iron_ore":63,"minecraft:andesite":9,"minecraft:grass":14,"minecraft:oak_log":39,"minecraft:coal_ore":97,"minecraft:gravel":13,"minecraft:stone":342,"minecraft:gold_ore":2,"minecraft:oak_leaves":3},"minecraft:killed_by":{"minecraft:player":2,"minecraft:skeleton":3},"minecraft:custom":{"minecraft:interact_with_furnace":16,"minecraft:mob_kills":11,"minecraft:interact_with_crafting_table":10,"minecraft:play_one_minute":58692,"minecraft:leave_game":3,"minecraft:time_since_death":43522,"minecraft:time_since_rest":43546,"minecraft:sprint_one_cm":104584,"minecraft:damage_taken":1962,"minecraft:walk_one_cm":180472,"minecraft:damage_blocked_by_shield":165,"minecraft:drop":25,"minecraft:damage_dealt":950,"minecraft:swim_one_cm":974,"minecraft:fly_one_cm":112081,"minecraft:crouch_one_cm":1497,"minecraft:deaths":6,"minecraft:sneak_time":3534,"minecraft:walk_under_water_one_cm":10414,"minecraft:jump":775,"minecraft:walk_on_water_one_cm":11554,"minecraft:fall_one_cm":16690},"minecraft:broken":{"minecraft:stone_pickaxe":3,"minecraft:wooden_pickaxe":1},"minecraft:crafted":{"minecraft:oak_planks":156,"minecraft:crafting_table":1,"minecraft:wooden_pickaxe":1,"minecraft:iron_helmet":1,"minecraft:cooked_chicken":3,"minecraft:furnace":1,"minecraft:bucket":2,"minecraft:stone_axe":1,"minecraft:cooked_mutton":2,"minecraft:air":0,"minecraft:flint_and_steel":1,"minecraft:iron_boots":1,"minecraft:iron_chestplate":1,"minecraft:shield":1,"minecraft:iron_axe":1,"minecraft:stick":40,"minecraft:iron_ingot":63,"minecraft:iron_pickaxe":1,"minecraft:stone_pickaxe":3,"minecraft:iron_leggings":1,"minecraft:torch":60},"minecraft:picked_up":{"minecraft:crafting_table":4,"minecraft:feather":8,"minecraft:chicken":5,"minecraft:andesite":8,"minecraft:flint":1,"minecraft:oak_log":39,"minecraft:bone":5,"minecraft:wheat_seeds":1,"minecraft:iron_ore":63,"minecraft:sugar_cane":9,"minecraft:oak_planks":42,"minecraft:egg":2,"minecraft:furnace":2,"minecraft:torch":16,"minecraft:gravel":23,"minecraft:diorite":5,"minecraft:gold_ore":2,"minecraft:arrow":3,"minecraft:rotten_flesh":8,"minecraft:granite":1,"minecraft:oak_sapling":1,"minecraft:mutton":2,"minecraft:coal":155,"minecraft:white_wool":1,"minecraft:cobblestone":350},"minecraft:used":{"minecraft:cooked_mutton":1,"minecraft:water_bucket":24,"minecraft:diorite":3,"minecraft:stone_pickaxe":392,"minecraft:oak_planks":22,"minecraft:wooden_pickaxe":59,"minecraft:shield":4,"minecraft:cooked_chicken":3,"minecraft:rotten_flesh":7,"minecraft:torch":46,"minecraft:crafting_table":5,"minecraft:granite":1,"minecraft:lava_bucket":10,"minecraft:iron_axe":25,"minecraft:iron_pickaxe":102,"minecraft:gravel":7,"minecraft:stone_axe":1,"minecraft:cobblestone":26,"minecraft:furnace":2,"minecraft:oak_sapling":1,"minecraft:bucket":35}},"DataVersion":2567}