{"stats":{"minecraft:dropped":{"minecraft:wheat_seeds":1,"minecraft:oak_planks":24},"minecraft:killed":{"minecraft:zombie_villager":1,"minecraft:sheep":5,"minecraft:skeleton":2,"minecraft:zombie":2,"minecraft:chicken":10},"minecraft:mined":{"minecraft:crafting_table":4,"minecraft:torch":7,"minecraft:chest":7,"minecraft:cobblestone":10,"minecraft:sugar_cane":5,"minecraft:oak_planks":18,"minecraft:diorite":6,"minecraft:wall_torch":6,"minecraft:furnace":2,"minecraft:iron_ore":63,"minecraft:andesite":9,"minecraft:grass":14,"minecraft:oak_log":39,"minecraft:coal_ore":141,"minecraft:gravel":13,"minecraft:stone":353,"minecraft:gold_ore":2,"minecraft:oak_leaves":3},"minecraft:killed_by":{"minecraft:player":2,"minecraft:skeleton":3},"minecraft:custom":{"minecraft:interact_with_furnace":28,"minecraft:mob_kills":21,"minecraft:interact_with_crafting_table":16,"minecraft:play_one_minute":73967,"minecraft:leave_game":4,"minecraft:time_since_death":58797,"minecraft:sleep_in_bed":1,"minecraft:time_since_rest":1124,"minecraft:sprint_one_cm":138387,"minecraft:damage_taken":2152,"minecraft:walk_one_cm":244665,"minecraft:damage_blocked_by_shield":245,"minecraft:drop":25,"minecraft:damage_dealt":1590,"minecraft:swim_one_cm":974,"minecraft:fly_one_cm":138414,"minecraft:open_chest":10,"minecraft:crouch_one_cm":1607,"minecraft:deaths":6,"minecraft:sneak_time":3662,"minecraft:walk_under_water_one_cm":10414,"minecraft:jump":980,"minecraft:walk_on_water_one_cm":11917,"minecraft:fall_one_cm":21082},"minecraft:broken":{"minecraft:stone_pickaxe":3,"minecraft:wooden_pickaxe":1},"minecraft:crafted":{"minecraft:oak_planks":156,"minecraft:crafting_table":1,"minecraft:wooden_pickaxe":1,"minecraft:iron_helmet":1,"minecraft:cooked_chicken":10,"minecraft:furnace":4,"minecraft:bucket":2,"minecraft:stone_axe":1,"minecraft:cooked_mutton":8,"minecraft:air":0,"minecraft:flint_and_steel":1,"minecraft:iron_boots":1,"minecraft:iron_chestplate":1,"minecraft:shield":1,"minecraft:iron_axe":1,"minecraft:stick":40,"minecraft:iron_ingot":63,"minecraft:iron_pickaxe":2,"minecraft:stone_pickaxe":3,"minecraft:chest":8,"minecraft:gold_ingot":2,"minecraft:iron_leggings":1,"minecraft:white_bed":1,"minecraft:torch":60},"minecraft:picked_up":{"minecraft:crafting_table":4,"minecraft:feather":13,"minecraft:chicken":10,"minecraft:andesite":8,"minecraft:flint":1,"minecraft:oak_log":39,"minecraft:bone":5,"minecraft:wheat_seeds":1,"minecraft:iron_ore":63,"minecraft:sugar_cane":9,"minecraft:chest":7,"minecraft:oak_planks":42,"minecraft:egg":6,"minecraft:furnace":2,"minecraft:torch":16,"minecraft:gravel":23,"minecraft:diorite":6,"minecraft:gold_ore":4,"minecraft:arrow":5,"minecraft:rotten_flesh":8,"minecraft:granite":1,"minecraft:gray_wool":1,"minecraft:oak_sapling":1,"minecraft:mutton":8,"minecraft:coal":199,"minecraft:white_wool":4,"minecraft:cobblestone":364},"minecraft:used":{"minecraft:cooked_mutton":4,"minecraft:water_bucket":25,"minecraft:diorite":3,"minecraft:flint_and_steel":1,"minecraft:stone_pickaxe":392,"minecraft:oak_planks":22,"minecraft:chest":15,"minecraft:wooden_pickaxe":59,"minecraft:shield":6,"minecraft:cooked_chicken":3,"minecraft:rotten_flesh":7,"minecraft:torch":46,"minecraft:crafting_table":5,"minecraft:white_bed":1,"minecraft:granite":1,"minecraft:lava_bucket":10,"minecraft:iron_axe":43,"minecraft:iron_pickaxe":161,"minecraft:gravel":7,"minecraft:stone_axe":1,"minecraft:cobblestone":27,"minecraft:furnace":6,"minecraft:oak_sapling":1,"minecraft:bucket":36}},"DataVersion":2567}