{"stats":{"minecraft:used":{"minecraft:water_bucket":13,"minecraft:diorite":1,"minecraft:stone_sword":40,"minecraft:flint_and_steel":1,"minecraft:stone_pickaxe":118,"minecraft:oak_planks":17,"minecraft:chest":2,"minecraft:shield":1,"minecraft:wooden_pickaxe":6,"minecraft:cooked_salmon":7,"minecraft:torch":3,"minecraft:dirt":44,"minecraft:crafting_table":6,"minecraft:white_bed":1,"minecraft:granite":2,"minecraft:lava_bucket":9,"minecraft:iron_axe":60,"minecraft:bread":3,"minecraft:iron_pickaxe":138,"minecraft:gravel":24,"minecraft:stone_axe":58,"minecraft:cobblestone":9,"minecraft:furnace":9,"minecraft:cooked_porkchop":4,"minecraft:bucket":23,"minecraft:acacia_planks":5},"minecraft:picked_up":{"minecraft:crafting_table":5,"minecraft:feather":2,"minecraft:chicken":1,"minecraft:salmon":7,"minecraft:leather":3,"minecraft:flint":1,"minecraft:oak_log":49,"minecraft:dirt":44,"minecraft:lapis_lazuli":129,"minecraft:string":7,"minecraft:raw_copper":3,"minecraft:cooked_salmon":3,"minecraft:bone":1,"minecraft:raw_gold":6,"minecraft:beef":11,"minecraft:iron_ingot":14,"minecraft:stone_pickaxe":1,"minecraft:sugar_cane":15,"minecraft:oak_planks":56,"minecraft:furnace":6,"minecraft:raw_iron":169,"minecraft:cooked_porkchop":2,"minecraft:torch":1,"minecraft:acacia_log":9,"minecraft:gravel":24,"minecraft:porkchop":14,"minecraft:diorite":1,"minecraft:grass_block":1,"minecraft:spider_eye":1,"minecraft:stone_sword":1,"minecraft:arrow":2,"minecraft:rotten_flesh":4,"minecraft:stone_axe":1,"minecraft:granite":2,"minecraft:oak_sapling":3,"minecraft:mutton":5,"minecraft:coal":2,"minecraft:white_wool":3,"minecraft:rail":6,"minecraft:cobblestone":80,"minecraft:ender_pearl":1},"minecraft:killed":{"minecraft:pig":8,"minecraft:salmon":8,"minecraft:spider":4,"minecraft:sheep":3,"minecraft:skeleton":2,"minecraft:zombie":6,"minecraft:chicken":1,"minecraft:cow":4,"minecraft:enderman":2},"minecraft:crafted":{"minecraft:oak_planks":196,"minecraft:cooked_porkchop":12,"minecraft:crafting_table":1,"minecraft:wooden_pickaxe":1,"minecraft:iron_helmet":1,"minecraft:furnace":3,"minecraft:cooked_salmon":6,"minecraft:bucket":2,"minecraft:stone_axe":1,"minecraft:air":0,"minecraft:flint_and_steel":1,"minecraft:iron_boots":1,"minecraft:iron_chestplate":1,"minecraft:shield":1,"minecraft:iron_axe":1,"minecraft:stick":40,"minecraft:iron_ingot":54,"minecraft:iron_pickaxe":2,"minecraft:stone_pickaxe":1,"minecraft:stone_sword":1,"minecraft:chest":2,"minecraft:gold_ingot":1,"minecraft:iron_leggings":1,"minecraft:white_bed":1,"minecraft:acacia_planks":36,"minecraft:torch":4,"minecraft:golden_boots":1},"minecraft:dropped":{"minecraft:stone_axe":2,"minecraft:stone_sword":2,"minecraft:raw_copper":3,"minecraft:chicken":1,"minecraft:rotten_flesh":4,"minecraft:rail":6,"minecraft:oak_sapling":3,"minecraft:cooked_salmon":2,"minecraft:stone_pickaxe":2,"minecraft:wooden_pickaxe":1,"minecraft:bone":1},"minecraft:custom":{"minecraft:interact_with_furnace":50,"minecraft:mob_kills":38,"minecraft:interact_with_crafting_table":22,"minecraft:time_since_death":59941,"minecraft:time_since_rest":59941,"minecraft:sprint_one_cm":211599,"minecraft:damage_taken":566,"minecraft:walk_one_cm":109625,"minecraft:damage_blocked_by_shield":30,"minecraft:drop":15,"minecraft:damage_dealt":4848,"minecraft:swim_one_cm":17895,"minecraft:fly_one_cm":230246,"minecraft:open_chest":20,"minecraft:crouch_one_cm":23729,"minecraft:play_time":59941,"minecraft:sneak_time":5699,"minecraft:walk_under_water_one_cm":7015,"minecraft:jump":1369,"minecraft:walk_on_water_one_cm":6177,"minecraft:total_world_time":59941,"minecraft:fall_one_cm":38651},"minecraft:mined":{"minecraft:crafting_table":5,"minecraft:torch":1,"minecraft:acacia_log":9,"minecraft:grass_block":23,"minecraft:cobblestone":1,"minecraft:tall_grass":5,"minecraft:lapis_ore":19,"minecraft:sugar_cane":7,"minecraft:oak_planks":4,"minecraft:diorite":1,"minecraft:furnace":6,"minecraft:iron_ore":139,"minecraft:grass":16,"minecraft:oak_log":50,"minecraft:coal_ore":2,"minecraft:gravel":6,"minecraft:dirt":27,"minecraft:stone":78,"minecraft:gold_ore":6,"minecraft:oak_leaves":10}},"DataVersion":3337}