{"stats":{"minecraft:used":{"minecraft:diorite":1,"minecraft:stone_sword":40,"minecraft:stone_pickaxe":118,"minecraft:oak_planks":16,"minecraft:wooden_pickaxe":6,"minecraft:cooked_salmon":7,"minecraft:torch":2,"minecraft:crafting_table":4,"minecraft:granite":2,"minecraft:iron_axe":16,"minecraft:bread":2,"minecraft:iron_pickaxe":101,"minecraft:stone_axe":58,"minecraft:cobblestone":1,"minecraft:furnace":3},"minecraft:picked_up":{"minecraft:crafting_table":4,"minecraft:feather":2,"minecraft:chicken":1,"minecraft:salmon":7,"minecraft:oak_log":49,"minecraft:lapis_lazuli":97,"minecraft:string":5,"minecraft:raw_copper":3,"minecraft:cooked_salmon":3,"minecraft:bone":1,"minecraft:raw_gold":6,"minecraft:iron_ingot":6,"minecraft:stone_pickaxe":1,"minecraft:sugar_cane":15,"minecraft:oak_planks":29,"minecraft:furnace":3,"minecraft:raw_iron":160,"minecraft:torch":1,"minecraft:diorite":1,"minecraft:spider_eye":1,"minecraft:stone_sword":1,"minecraft:arrow":2,"minecraft:rotten_flesh":4,"minecraft:stone_axe":1,"minecraft:granite":2,"minecraft:oak_sapling":3,"minecraft:coal":1,"minecraft:rail":6,"minecraft:cobblestone":68,"minecraft:ender_pearl":1},"minecraft:killed":{"minecraft:salmon":8,"minecraft:spider":3,"minecraft:skeleton":2,"minecraft:zombie":6,"minecraft:chicken":1,"minecraft:enderman":1},"minecraft:crafted":{"minecraft:oak_planks":128,"minecraft:crafting_table":1,"minecraft:wooden_pickaxe":1,"minecraft:iron_helmet":1,"minecraft:furnace":2,"minecraft:cooked_salmon":6,"minecraft:stone_axe":1,"minecraft:air":0,"minecraft:iron_boots":1,"minecraft:iron_chestplate":1,"minecraft:shield":1,"minecraft:iron_axe":1,"minecraft:stick":32,"minecraft:iron_ingot":30,"minecraft:iron_pickaxe":1,"minecraft:stone_pickaxe":1,"minecraft:stone_sword":1,"minecraft:iron_leggings":1,"minecraft:torch":4},"minecraft:dropped":{"minecraft:stone_axe":2,"minecraft:stone_sword":2,"minecraft:raw_copper":3,"minecraft:rail":6,"minecraft:cooked_salmon":2,"minecraft:stone_pickaxe":2,"minecraft:wooden_pickaxe":1},"minecraft:custom":{"minecraft:interact_with_furnace":20,"minecraft:mob_kills":21,"minecraft:interact_with_crafting_table":13,"minecraft:time_since_death":35941,"minecraft:time_since_rest":35941,"minecraft:sprint_one_cm":149839,"minecraft:damage_taken":405,"minecraft:walk_one_cm":62006,"minecraft:drop":11,"minecraft:damage_dealt":2714,"minecraft:swim_one_cm":13421,"minecraft:fly_one_cm":90676,"minecraft:crouch_one_cm":13673,"minecraft:play_time":35941,"minecraft:sneak_time":3197,"minecraft:walk_under_water_one_cm":6728,"minecraft:jump":667,"minecraft:walk_on_water_one_cm":4886,"minecraft:total_world_time":35941,"minecraft:fall_one_cm":16805},"minecraft:mined":{"minecraft:crafting_table":4,"minecraft:torch":1,"minecraft:tall_grass":5,"minecraft:lapis_ore":15,"minecraft:sugar_cane":7,"minecraft:oak_planks":4,"minecraft:diorite":1,"minecraft:furnace":3,"minecraft:iron_ore":137,"minecraft:grass":2,"minecraft:oak_log":50,"minecraft:coal_ore":1,"minecraft:stone":61,"minecraft:gold_ore":6,"minecraft:oak_leaves":7}},"DataVersion":3337}