{"stats":{"minecraft:used":{"minecraft:stone_sword":40,"minecraft:stone_pickaxe":118,"minecraft:oak_planks":12,"minecraft:wooden_pickaxe":6,"minecraft:cooked_salmon":5,"minecraft:stone_axe":58,"minecraft:crafting_table":3,"minecraft:furnace":3},"minecraft:picked_up":{"minecraft:raw_iron":82,"minecraft:crafting_table":2,"minecraft:feather":2,"minecraft:chicken":1,"minecraft:salmon":7,"minecraft:oak_log":49,"minecraft:string":2,"minecraft:raw_copper":3,"minecraft:cooked_salmon":1,"minecraft:bone":1,"minecraft:arrow":2,"minecraft:rotten_flesh":2,"minecraft:granite":2,"minecraft:oak_sapling":3,"minecraft:sugar_cane":15,"minecraft:coal":1,"minecraft:oak_planks":11,"minecraft:rail":6,"minecraft:cobblestone":47,"minecraft:furnace":1},"minecraft:killed":{"minecraft:skeleton":2,"minecraft:zombie":4,"minecraft:chicken":1,"minecraft:salmon":8,"minecraft:spider":1},"minecraft:crafted":{"minecraft:oak_planks":128,"minecraft:iron_axe":1,"minecraft:crafting_table":1,"minecraft:stick":32,"minecraft:iron_pickaxe":1,"minecraft:iron_ingot":7,"minecraft:wooden_pickaxe":1,"minecraft:stone_pickaxe":1,"minecraft:stone_sword":1,"minecraft:furnace":2,"minecraft:cooked_salmon":6,"minecraft:torch":4,"minecraft:stone_axe":1,"minecraft:air":0},"minecraft:dropped":{"minecraft:raw_copper":3,"minecraft:rail":6},"minecraft:custom":{"minecraft:time_since_rest":23941,"minecraft:interact_with_furnace":9,"minecraft:sprint_one_cm":73517,"minecraft:damage_taken":324,"minecraft:walk_one_cm":36569,"minecraft:mob_kills":16,"minecraft:drop":3,"minecraft:damage_dealt":1504,"minecraft:swim_one_cm":12757,"minecraft:interact_with_crafting_table":8,"minecraft:fly_one_cm":62822,"minecraft:crouch_one_cm":8864,"minecraft:play_time":23941,"minecraft:sneak_time":2067,"minecraft:walk_under_water_one_cm":6701,"minecraft:jump":420,"minecraft:walk_on_water_one_cm":4614,"minecraft:time_since_death":23941,"minecraft:total_world_time":23941,"minecraft:fall_one_cm":13898},"minecraft:mined":{"minecraft:furnace":1,"minecraft:iron_ore":82,"minecraft:crafting_table":2,"minecraft:grass":2,"minecraft:coal_ore":1,"minecraft:oak_log":50,"minecraft:tall_grass":5,"minecraft:stone":40,"minecraft:oak_planks":4,"minecraft:sugar_cane":7,"minecraft:oak_leaves":7}},"DataVersion":3337}