{"stats":{"minecraft:dropped":{"minecraft:iron_nugget":2,"minecraft:bowl":2,"minecraft:loom":2,"minecraft:rotten_flesh":1,"minecraft:wooden_pickaxe":1},"minecraft:killed":{"minecraft:pig":2,"minecraft:sheep":19,"minecraft:skeleton":2,"minecraft:zombie":5,"minecraft:chicken":5},"minecraft:mined":{"minecraft:dark_oak_planks":2,"minecraft:spruce_planks":2,"minecraft:brown_mushroom":1,"minecraft:dark_oak_leaves":4,"minecraft:stripped_dark_oak_log":1,"minecraft:dark_oak_log":42,"minecraft:crafting_table":3,"minecraft:blast_furnace":2,"minecraft:grass_block":22,"minecraft:spruce_fence":1,"minecraft:chest":1,"minecraft:mushroom_stem":16,"minecraft:brown_mushroom_block":90,"minecraft:cobblestone":18,"minecraft:grindstone":3,"minecraft:sugar_cane":15,"minecraft:cartography_table":1,"minecraft:large_fern":3,"minecraft:spruce_stairs":2,"minecraft:purple_bed":1,"minecraft:iron_ore":15,"minecraft:spruce_log":1,"minecraft:andesite":2,"minecraft:fletching_table":5,"minecraft:grass_path":23,"minecraft:gold_block":1,"minecraft:grass":6,"minecraft:oak_log":10,"minecraft:coal_ore":45,"minecraft:purple_carpet":1,"minecraft:loom":2,"minecraft:gravel":34,"minecraft:dirt":51,"minecraft:red_mushroom_block":47,"minecraft:stonecutter":1,"minecraft:stone":29,"minecraft:fern":1},"minecraft:killed_by":{"minecraft:creeper":3},"minecraft:custom":{"minecraft:mob_kills":33,"minecraft:traded_with_villager":5,"minecraft:interact_with_crafting_table":13,"minecraft:interact_with_loom":1,"minecraft:play_one_minute":59798,"minecraft:bell_ring":12,"minecraft:interact_with_grindstone":1,"minecraft:time_since_death":21072,"minecraft:climb_one_cm":2252,"minecraft:sleep_in_bed":3,"minecraft:time_since_rest":0,"minecraft:sprint_one_cm":177539,"minecraft:damage_taken":1451,"minecraft:walk_one_cm":147485,"minecraft:drop":7,"minecraft:damage_dealt":3605,"minecraft:player_kills":1,"minecraft:swim_one_cm":13193,"minecraft:fly_one_cm":292952,"minecraft:talked_to_villager":68,"minecraft:open_chest":27,"minecraft:crouch_one_cm":30311,"minecraft:deaths":3,"minecraft:sneak_time":8654,"minecraft:walk_under_water_one_cm":5023,"minecraft:jump":1499,"minecraft:interact_with_blast_furnace":4,"minecraft:walk_on_water_one_cm":7228,"minecraft:fall_one_cm":41370},"minecraft:broken":{"minecraft:stone_axe":2},"minecraft:crafted":{"minecraft:oak_planks":40,"minecraft:emerald":5,"minecraft:iron_nugget":1,"minecraft:dark_oak_boat":2,"minecraft:crafting_table":4,"minecraft:spruce_planks":20,"minecraft:wooden_pickaxe":1,"minecraft:iron_sword":1,"minecraft:bowl":8,"minecraft:fletching_table":1,"minecraft:mushroom_stew":8,"minecraft:bucket":1,"minecraft:stone_axe":2,"minecraft:air":0,"minecraft:iron_boots":1,"minecraft:shield":1,"minecraft:iron_axe":1,"minecraft:stick":216,"minecraft:iron_ingot":15,"minecraft:iron_pickaxe":1,"minecraft:stone_pickaxe":1,"minecraft:iron_shovel":1,"minecraft:oak_button":1,"minecraft:dark_oak_planks":172},"minecraft:picked_up":{"minecraft:crafting_table":3,"minecraft:feather":4,"minecraft:chicken":5,"minecraft:andesite":1,"minecraft:brown_mushroom":23,"minecraft:red_mushroom":22,"minecraft:gold_block":1,"minecraft:oak_log":10,"minecraft:dirt":94,"minecraft:purple_carpet":1,"minecraft:bone":2,"minecraft:stonecutter":1,"minecraft:cartography_table":1,"minecraft:spruce_planks":1,"minecraft:grindstone":3,"minecraft:iron_ingot":1,"minecraft:iron_ore":15,"minecraft:iron_nugget":1,"minecraft:fletching_table":5,"minecraft:sugar_cane":31,"minecraft:chest":1,"minecraft:sweet_berries":3,"minecraft:gravel":33,"minecraft:spruce_stairs":2,"minecraft:spruce_fence":1,"minecraft:porkchop":3,"minecraft:blast_furnace":2,"minecraft:loom":2,"minecraft:spruce_log":4,"minecraft:dark_oak_log":42,"minecraft:dark_oak_planks":2,"minecraft:arrow":2,"minecraft:purple_bed":1,"minecraft:rotten_flesh":3,"minecraft:gray_wool":2,"minecraft:stripped_dark_oak_log":1,"minecraft:mutton":26,"minecraft:coal":44,"minecraft:white_wool":16,"minecraft:cobblestone":46},"minecraft:used":{"minecraft:iron_shovel":122,"minecraft:stone_pickaxe":111,"minecraft:chest":1,"minecraft:spruce_planks":21,"minecraft:wooden_pickaxe":3,"minecraft:iron_sword":12,"minecraft:fletching_table":6,"minecraft:white_wool":2,"minecraft:dirt":33,"minecraft:mutton":2,"minecraft:mushroom_stew":7,"minecraft:spruce_stairs":2,"minecraft:crafting_table":7,"minecraft:blast_furnace":2,"minecraft:spruce_fence":1,"minecraft:dark_oak_planks":32,"minecraft:chicken":5,"minecraft:iron_axe":19,"minecraft:iron_pickaxe":24,"minecraft:oak_button":1,"minecraft:map":1,"minecraft:stone_axe":237,"minecraft:purple_bed":1,"minecraft:cobblestone":37,"minecraft:sweet_berries":3,"minecraft:dark_oak_boat":1,"minecraft:porkchop":3,"minecraft:andesite":1,"minecraft:potato":4,"minecraft:purple_carpet":1,"minecraft:gray_wool":2}},"DataVersion":2567}