{"stats":{"minecraft:dropped":{"minecraft:iron_nugget":2,"minecraft:bowl":2,"minecraft:loom":2,"minecraft:rotten_flesh":1,"minecraft:wooden_pickaxe":1},"minecraft:killed":{"minecraft:pig":2,"minecraft:sheep":19,"minecraft:skeleton":2,"minecraft:zombie":7,"minecraft:chicken":5},"minecraft:mined":{"minecraft:dark_oak_planks":2,"minecraft:spruce_planks":2,"minecraft:brown_mushroom":1,"minecraft:dark_oak_leaves":4,"minecraft:stripped_dark_oak_log":1,"minecraft:dark_oak_log":42,"minecraft:crafting_table":3,"minecraft:blast_furnace":2,"minecraft:grass_block":22,"minecraft:spruce_fence":1,"minecraft:chest":1,"minecraft:mushroom_stem":16,"minecraft:brown_mushroom_block":90,"minecraft:cobblestone":18,"minecraft:spruce_leaves":78,"minecraft:grindstone":3,"minecraft:sugar_cane":15,"minecraft:cartography_table":1,"minecraft:large_fern":3,"minecraft:spruce_stairs":2,"minecraft:purple_bed":2,"minecraft:iron_ore":15,"minecraft:spruce_log":176,"minecraft:andesite":2,"minecraft:fletching_table":5,"minecraft:grass_path":24,"minecraft:gold_block":1,"minecraft:grass":6,"minecraft:oak_log":10,"minecraft:coal_ore":45,"minecraft:purple_carpet":1,"minecraft:loom":2,"minecraft:gravel":34,"minecraft:dirt":52,"minecraft:red_mushroom_block":47,"minecraft:stonecutter":1,"minecraft:stone":29,"minecraft:white_wool":1,"minecraft:fern":2},"minecraft:killed_by":{"minecraft:creeper":3},"minecraft:custom":{"minecraft:mob_kills":35,"minecraft:traded_with_villager":21,"minecraft:interact_with_crafting_table":18,"minecraft:interact_with_loom":1,"minecraft:play_one_minute":76600,"minecraft:interact_with_campfire":12,"minecraft:leave_game":1,"minecraft:bell_ring":12,"minecraft:interact_with_grindstone":1,"minecraft:time_since_death":37874,"minecraft:climb_one_cm":2252,"minecraft:sleep_in_bed":4,"minecraft:time_since_rest":16506,"minecraft:sprint_one_cm":221072,"minecraft:damage_taken":1595,"minecraft:walk_one_cm":176126,"minecraft:drop":7,"minecraft:damage_dealt":4005,"minecraft:player_kills":1,"minecraft:swim_one_cm":13193,"minecraft:fly_one_cm":341109,"minecraft:talked_to_villager":73,"minecraft:open_chest":36,"minecraft:crouch_one_cm":36272,"minecraft:boat_one_cm":41619,"minecraft:deaths":3,"minecraft:sneak_time":10898,"minecraft:walk_under_water_one_cm":5023,"minecraft:jump":1811,"minecraft:interact_with_blast_furnace":6,"minecraft:walk_on_water_one_cm":7263,"minecraft:fall_one_cm":48580},"minecraft:broken":{"minecraft:stone_axe":2},"minecraft:crafted":{"minecraft:oak_planks":40,"minecraft:emerald":21,"minecraft:iron_nugget":1,"minecraft:dark_oak_boat":2,"minecraft:crafting_table":4,"minecraft:spruce_planks":708,"minecraft:wooden_pickaxe":1,"minecraft:iron_sword":1,"minecraft:bowl":8,"minecraft:smithing_table":1,"minecraft:fletching_table":1,"minecraft:mushroom_stew":8,"minecraft:bucket":1,"minecraft:stone_axe":2,"minecraft:air":0,"minecraft:iron_boots":1,"minecraft:shield":1,"minecraft:iron_axe":1,"minecraft:stick":1445,"minecraft:iron_ingot":15,"minecraft:iron_pickaxe":1,"minecraft:stone_pickaxe":1,"minecraft:iron_shovel":1,"minecraft:oak_button":1,"minecraft:dark_oak_planks":172},"minecraft:picked_up":{"minecraft:crafting_table":3,"minecraft:feather":4,"minecraft:chicken":5,"minecraft:andesite":1,"minecraft:dark_oak_boat":1,"minecraft:brown_mushroom":23,"minecraft:red_mushroom":22,"minecraft:gold_block":1,"minecraft:oak_log":10,"minecraft:dirt":95,"minecraft:cooked_mutton":12,"minecraft:purple_carpet":1,"minecraft:bone":2,"minecraft:wheat_seeds":1,"minecraft:stonecutter":1,"minecraft:cartography_table":1,"minecraft:spruce_planks":61,"minecraft:grindstone":3,"minecraft:iron_ingot":6,"minecraft:poppy":2,"minecraft:iron_ore":15,"minecraft:iron_nugget":1,"minecraft:fletching_table":5,"minecraft:sugar_cane":31,"minecraft:chest":1,"minecraft:stick":27,"minecraft:sweet_berries":8,"minecraft:gravel":33,"minecraft:spruce_stairs":2,"minecraft:spruce_fence":1,"minecraft:porkchop":3,"minecraft:spruce_sapling":12,"minecraft:blast_furnace":2,"minecraft:loom":2,"minecraft:spruce_log":176,"minecraft:dark_oak_log":42,"minecraft:dark_oak_planks":2,"minecraft:arrow":2,"minecraft:purple_bed":2,"minecraft:rotten_flesh":4,"minecraft:gray_wool":2,"minecraft:stripped_dark_oak_log":1,"minecraft:mutton":26,"minecraft:coal":44,"minecraft:white_wool":17,"minecraft:cobblestone":46},"minecraft:used":{"minecraft:cooked_mutton":3,"minecraft:iron_shovel":171,"minecraft:stone_pickaxe":111,"minecraft:chest":1,"minecraft:spruce_planks":21,"minecraft:wooden_pickaxe":3,"minecraft:iron_sword":18,"minecraft:fletching_table":6,"minecraft:white_wool":2,"minecraft:dirt":35,"minecraft:mutton":2,"minecraft:mushroom_stew":8,"minecraft:spruce_stairs":2,"minecraft:crafting_table":7,"minecraft:blast_furnace":2,"minecraft:spruce_fence":1,"minecraft:dark_oak_planks":32,"minecraft:lava_bucket":5,"minecraft:chicken":5,"minecraft:iron_axe":206,"minecraft:iron_pickaxe":25,"minecraft:oak_button":1,"minecraft:map":1,"minecraft:stone_axe":237,"minecraft:purple_bed":2,"minecraft:cobblestone":37,"minecraft:sweet_berries":8,"minecraft:dark_oak_boat":2,"minecraft:porkchop":3,"minecraft:bucket":6,"minecraft:andesite":1,"minecraft:potato":4,"minecraft:purple_carpet":1,"minecraft:gray_wool":2}},"DataVersion":2567}