{"stats":{"minecraft:used":{"minecraft:stone_shovel":22,"minecraft:shield":22,"minecraft:iron_sword":75,"minecraft:stone_hoe":47,"minecraft:torch":4,"minecraft:mutton":2,"minecraft:acacia_sapling":1,"minecraft:granite":7,"minecraft:lava_bucket":1,"minecraft:iron_boots":1,"minecraft:furnace":4,"minecraft:cooked_beef":12,"minecraft:cobbled_deepslate":46,"minecraft:cooked_mutton":3,"minecraft:diorite":3,"minecraft:stone_pickaxe":77,"minecraft:wooden_pickaxe":3,"minecraft:fletching_table":2,"minecraft:diamond_axe":48,"minecraft:crafting_table":12,"minecraft:dripstone_block":6,"minecraft:smoker":2,"minecraft:diamond_pickaxe":420,"minecraft:apple":1,"minecraft:iron_pickaxe":156,"minecraft:gravel":45,"minecraft:stone_axe":26,"minecraft:diamond_sword":96,"minecraft:cobblestone":22,"minecraft:bucket":2,"minecraft:andesite":3,"minecraft:oak_boat":3},"minecraft:picked_up":{"minecraft:crafting_table":10,"minecraft:string":4,"minecraft:cobbled_deepslate":218,"minecraft:beef":19,"minecraft:oak_boat":2,"minecraft:iron_pickaxe":1,"minecraft:sugar_cane":5,"minecraft:egg":1,"minecraft:furnace":4,"minecraft:stick":4,"minecraft:raw_iron":98,"minecraft:acacia_log":38,"minecraft:pointed_dripstone":3,"minecraft:diorite":8,"minecraft:cauldron":2,"minecraft:arrow":10,"minecraft:rotten_flesh":11,"minecraft:hay_block":39,"minecraft:mutton":14,"minecraft:white_wool":5,"minecraft:cobblestone":188,"minecraft:andesite":11,"minecraft:leather":8,"minecraft:smoker":2,"minecraft:flint":4,"minecraft:tuff":11,"minecraft:oak_log":24,"minecraft:gunpowder":4,"minecraft:lapis_lazuli":25,"minecraft:dirt":1,"minecraft:cooked_mutton":4,"minecraft:bone":11,"minecraft:apple":1,"minecraft:wheat_seeds":3,"minecraft:iron_ingot":2,"minecraft:acacia_sapling":8,"minecraft:gravel":45,"minecraft:dripstone_block":6,"minecraft:blast_furnace":1,"minecraft:spider_eye":1,"minecraft:mossy_cobblestone":1,"minecraft:diamond":47,"minecraft:granite":16,"minecraft:oak_sapling":3,"minecraft:black_wool":1,"minecraft:coal":58,"minecraft:ender_pearl":2},"minecraft:killed":{"minecraft:spider":6,"minecraft:skeleton":11,"minecraft:creeper":1,"minecraft:sheep":5,"minecraft:zombie":13,"minecraft:cow":7,"minecraft:enderman":2},"minecraft:crafted":{"minecraft:oak_planks":80,"minecraft:stone_shovel":1,"minecraft:furnace":2,"minecraft:cooked_mutton":4,"minecraft:diamond_helmet":1,"minecraft:bow":1,"minecraft:diamond_leggings":1,"minecraft:iron_boots":1,"minecraft:stone_pickaxe":1,"minecraft:diamond_boots":1,"minecraft:stone_hoe":1,"minecraft:smoker":1,"minecraft:cooked_beef":19,"minecraft:diamond_sword":1,"minecraft:emerald":10,"minecraft:diamond_axe":1,"minecraft:crafting_table":2,"minecraft:wooden_pickaxe":1,"minecraft:iron_sword":1,"minecraft:leather_helmet":1,"minecraft:fletching_table":2,"minecraft:stone_axe":1,"minecraft:air":0,"minecraft:oak_boat":2,"minecraft:iron_chestplate":1,"minecraft:diamond_pickaxe":1,"minecraft:shield":1,"minecraft:stick":388,"minecraft:iron_ingot":23,"minecraft:iron_pickaxe":1,"minecraft:iron_leggings":1,"minecraft:acacia_planks":152,"minecraft:torch":4,"minecraft:diamond_chestplate":1},"minecraft:dropped":{"minecraft:iron_sword":1,"minecraft:wheat_seeds":3,"minecraft:mossy_cobblestone":1,"minecraft:cobblestone":80,"minecraft:granite":9,"minecraft:leather_helmet":1,"minecraft:dirt":1,"minecraft:diorite":5,"minecraft:iron_leggings":1,"minecraft:iron_pickaxe":1,"minecraft:stone_axe":1,"minecraft:sugar_cane":2,"minecraft:cobbled_deepslate":3,"minecraft:tuff":2,"minecraft:pointed_dripstone":3,"minecraft:rotten_flesh":7,"minecraft:oak_planks":3,"minecraft:iron_boots":1,"minecraft:gunpowder":4,"minecraft:iron_chestplate":1,"minecraft:andesite":8,"minecraft:acacia_sapling":7,"minecraft:oak_sapling":3,"minecraft:spider_eye":1,"minecraft:stone_pickaxe":1,"minecraft:black_wool":1},"minecraft:custom":{"minecraft:mob_kills":49,"minecraft:interact_with_crafting_table":37,"minecraft:leave_game":3,"minecraft:time_since_death":70765,"minecraft:climb_one_cm":325,"minecraft:sprint_one_cm":141876,"minecraft:walk_one_cm":120239,"minecraft:damage_blocked_by_shield":680,"minecraft:drop":34,"minecraft:talked_to_villager":4,"minecraft:play_time":70765,"minecraft:sneak_time":7177,"minecraft:walk_under_water_one_cm":6517,"minecraft:boat_one_cm":52761,"minecraft:jump":1564,"minecraft:walk_on_water_one_cm":17226,"minecraft:total_world_time":70765,"minecraft:interact_with_furnace":21,"minecraft:traded_with_villager":10,"minecraft:sleep_in_bed":2,"minecraft:time_since_rest":1954,"minecraft:damage_taken":937,"minecraft:damage_dealt":9237,"minecraft:swim_one_cm":38037,"minecraft:fly_one_cm":283402,"minecraft:open_chest":13,"minecraft:crouch_one_cm":13247,"minecraft:interact_with_smoker":11,"minecraft:fall_one_cm":53567},"minecraft:mined":{"minecraft:tuff":11,"minecraft:mossy_cobblestone":1,"minecraft:deepslate_diamond_ore":47,"minecraft:granite":16,"minecraft:acacia_log":39,"minecraft:grass_block":1,"minecraft:hay_block":40,"minecraft:furnace":4,"minecraft:iron_ore":61,"minecraft:cobbled_deepslate":5,"minecraft:andesite":11,"minecraft:deepslate_lapis_ore":2,"minecraft:pointed_dripstone":1,"minecraft:water_cauldron":2,"minecraft:deepslate_iron_ore":8,"minecraft:stone":217,"minecraft:acacia_leaves":2,"minecraft:smoker":2,"minecraft:crafting_table":10,"minecraft:blast_furnace":1,"minecraft:tall_grass":2,"minecraft:cobblestone":8,"minecraft:lapis_ore":2,"minecraft:sugar_cane":3,"minecraft:diorite":8,"minecraft:wheat":1,"minecraft:grass":21,"minecraft:oak_log":24,"minecraft:coal_ore":27,"minecraft:gravel":49,"minecraft:dripstone_block":6,"minecraft:oak_leaves":1,"minecraft:deepslate":212}},"DataVersion":3337}