{"stats":{"minecraft:used":{"minecraft:stone_pickaxe":77,"minecraft:wooden_pickaxe":3,"minecraft:shield":6,"minecraft:iron_sword":42,"minecraft:mutton":1,"minecraft:crafting_table":6,"minecraft:dripstone_block":6,"minecraft:granite":7,"minecraft:diamond_pickaxe":75,"minecraft:iron_pickaxe":156,"minecraft:iron_boots":1,"minecraft:stone_axe":11,"minecraft:cobblestone":6,"minecraft:furnace":3,"minecraft:andesite":3,"minecraft:oak_boat":1,"minecraft:cobbled_deepslate":18},"minecraft:picked_up":{"minecraft:crafting_table":5,"minecraft:andesite":11,"minecraft:leather":5,"minecraft:tuff":2,"minecraft:oak_log":10,"minecraft:dirt":1,"minecraft:cobbled_deepslate":99,"minecraft:beef":12,"minecraft:iron_ingot":2,"minecraft:sugar_cane":2,"minecraft:furnace":2,"minecraft:raw_iron":54,"minecraft:dripstone_block":6,"minecraft:pointed_dripstone":3,"minecraft:diamond":14,"minecraft:granite":16,"minecraft:black_wool":1,"minecraft:mutton":8,"minecraft:coal":31,"minecraft:white_wool":4,"minecraft:cobblestone":107},"minecraft:killed":{"minecraft:sheep":5,"minecraft:skeleton":2,"minecraft:zombie":1,"minecraft:enderman":1,"minecraft:cow":4},"minecraft:crafted":{"minecraft:oak_planks":28,"minecraft:crafting_table":1,"minecraft:wooden_pickaxe":1,"minecraft:iron_sword":1,"minecraft:furnace":1,"minecraft:stone_axe":1,"minecraft:air":0,"minecraft:oak_boat":1,"minecraft:iron_chestplate":1,"minecraft:iron_boots":1,"minecraft:diamond_pickaxe":1,"minecraft:shield":1,"minecraft:stick":12,"minecraft:iron_ingot":23,"minecraft:iron_pickaxe":1,"minecraft:stone_pickaxe":1,"minecraft:iron_leggings":1},"minecraft:dropped":{"minecraft:tuff":2,"minecraft:granite":9,"minecraft:dirt":1,"minecraft:andesite":8,"minecraft:black_wool":1},"minecraft:custom":{"minecraft:interact_with_furnace":10,"minecraft:mob_kills":14,"minecraft:interact_with_crafting_table":16,"minecraft:leave_game":2,"minecraft:time_since_death":20837,"minecraft:time_since_rest":20837,"minecraft:sprint_one_cm":22265,"minecraft:damage_taken":148,"minecraft:walk_one_cm":33163,"minecraft:damage_blocked_by_shield":185,"minecraft:drop":5,"minecraft:damage_dealt":1884,"minecraft:swim_one_cm":12906,"minecraft:fly_one_cm":35542,"minecraft:crouch_one_cm":6219,"minecraft:play_time":20837,"minecraft:sneak_time":3997,"minecraft:walk_under_water_one_cm":2549,"minecraft:jump":339,"minecraft:walk_on_water_one_cm":4497,"minecraft:total_world_time":20837,"minecraft:fall_one_cm":13209},"minecraft:mined":{"minecraft:tuff":2,"minecraft:deepslate_diamond_ore":14,"minecraft:crafting_table":5,"minecraft:granite":16,"minecraft:grass_block":1,"minecraft:tall_grass":2,"minecraft:cobblestone":2,"minecraft:sugar_cane":2,"minecraft:furnace":2,"minecraft:iron_ore":38,"minecraft:cobbled_deepslate":4,"minecraft:andesite":11,"minecraft:grass":3,"minecraft:coal_ore":13,"minecraft:pointed_dripstone":1,"minecraft:oak_log":10,"minecraft:dripstone_block":6,"minecraft:stone":105,"minecraft:oak_leaves":1,"minecraft:deepslate":96}},"DataVersion":3337}