{"stats":{"minecraft:picked_up":{"minecraft:crafting_table":9,"minecraft:andesite":11,"minecraft:leather":8,"minecraft:smoker":2,"minecraft:tuff":11,"minecraft:oak_log":19,"minecraft:dirt":1,"minecraft:cooked_mutton":4,"minecraft:apple":1,"minecraft:cobbled_deepslate":171,"minecraft:beef":19,"minecraft:iron_ingot":2,"minecraft:sugar_cane":5,"minecraft:furnace":4,"minecraft:raw_iron":82,"minecraft:gravel":1,"minecraft:dripstone_block":6,"minecraft:pointed_dripstone":3,"minecraft:diorite":6,"minecraft:mossy_cobblestone":1,"minecraft:arrow":2,"minecraft:rotten_flesh":4,"minecraft:diamond":23,"minecraft:granite":16,"minecraft:oak_sapling":3,"minecraft:black_wool":1,"minecraft:mutton":14,"minecraft:coal":58,"minecraft:white_wool":5,"minecraft:cobblestone":158},"minecraft:used":{"minecraft:cooked_mutton":3,"minecraft:diorite":3,"minecraft:stone_pickaxe":77,"minecraft:wooden_pickaxe":3,"minecraft:shield":8,"minecraft:iron_sword":75,"minecraft:torch":4,"minecraft:mutton":2,"minecraft:crafting_table":10,"minecraft:dripstone_block":6,"minecraft:granite":7,"minecraft:smoker":2,"minecraft:diamond_pickaxe":259,"minecraft:apple":1,"minecraft:iron_pickaxe":156,"minecraft:iron_boots":1,"minecraft:gravel":1,"minecraft:stone_axe":25,"minecraft:cobblestone":6,"minecraft:furnace":4,"minecraft:andesite":3,"minecraft:oak_boat":1,"minecraft:cooked_beef":1,"minecraft:cobbled_deepslate":18},"minecraft:killed":{"minecraft:sheep":5,"minecraft:skeleton":3,"minecraft:zombie":7,"minecraft:enderman":1,"minecraft:cow":7},"minecraft:crafted":{"minecraft:cooked_beef":19,"minecraft:oak_planks":32,"minecraft:diamond_sword":1,"minecraft:crafting_table":2,"minecraft:wooden_pickaxe":1,"minecraft:iron_sword":1,"minecraft:furnace":2,"minecraft:leather_helmet":1,"minecraft:stone_axe":1,"minecraft:cooked_mutton":4,"minecraft:air":0,"minecraft:oak_boat":1,"minecraft:diamond_helmet":1,"minecraft:iron_chestplate":1,"minecraft:iron_boots":1,"minecraft:diamond_pickaxe":1,"minecraft:shield":1,"minecraft:stick":20,"minecraft:iron_ingot":23,"minecraft:iron_pickaxe":1,"minecraft:stone_pickaxe":1,"minecraft:iron_leggings":1,"minecraft:torch":4,"minecraft:smoker":1},"minecraft:dropped":{"minecraft:sugar_cane":2,"minecraft:tuff":2,"minecraft:pointed_dripstone":3,"minecraft:granite":9,"minecraft:leather_helmet":1,"minecraft:dirt":1,"minecraft:andesite":8,"minecraft:black_wool":1},"minecraft:custom":{"minecraft:interact_with_furnace":16,"minecraft:mob_kills":24,"minecraft:interact_with_crafting_table":27,"minecraft:leave_game":2,"minecraft:time_since_death":32837,"minecraft:time_since_rest":32837,"minecraft:sprint_one_cm":35474,"minecraft:damage_taken":392,"minecraft:walk_one_cm":52881,"minecraft:damage_blocked_by_shield":245,"minecraft:drop":8,"minecraft:damage_dealt":3546,"minecraft:swim_one_cm":15462,"minecraft:fly_one_cm":61741,"minecraft:open_chest":3,"minecraft:crouch_one_cm":9828,"minecraft:play_time":32837,"minecraft:sneak_time":5663,"minecraft:walk_under_water_one_cm":2971,"minecraft:jump":503,"minecraft:walk_on_water_one_cm":6541,"minecraft:interact_with_smoker":11,"minecraft:total_world_time":32837,"minecraft:fall_one_cm":19873},"minecraft:mined":{"minecraft:tuff":11,"minecraft:mossy_cobblestone":1,"minecraft:deepslate_diamond_ore":23,"minecraft:smoker":2,"minecraft:crafting_table":9,"minecraft:granite":16,"minecraft:grass_block":1,"minecraft:tall_grass":2,"minecraft:cobblestone":6,"minecraft:sugar_cane":3,"minecraft:diorite":6,"minecraft:furnace":4,"minecraft:iron_ore":53,"minecraft:cobbled_deepslate":4,"minecraft:andesite":11,"minecraft:grass":5,"minecraft:coal_ore":27,"minecraft:pointed_dripstone":1,"minecraft:oak_log":19,"minecraft:gravel":1,"minecraft:dripstone_block":6,"minecraft:stone":153,"minecraft:oak_leaves":1,"minecraft:deepslate":168}},"DataVersion":3337}