{"stats":{"minecraft:picked_up":{"minecraft:crafting_table":10,"minecraft:andesite":11,"minecraft:leather":8,"minecraft:smoker":2,"minecraft:tuff":11,"minecraft:oak_log":19,"minecraft:gunpowder":4,"minecraft:lapis_lazuli":25,"minecraft:string":4,"minecraft:dirt":1,"minecraft:cooked_mutton":4,"minecraft:bone":10,"minecraft:apple":1,"minecraft:cobbled_deepslate":216,"minecraft:beef":19,"minecraft:iron_ingot":2,"minecraft:sugar_cane":5,"minecraft:furnace":4,"minecraft:raw_iron":94,"minecraft:gravel":5,"minecraft:dripstone_block":6,"minecraft:pointed_dripstone":3,"minecraft:diorite":6,"minecraft:spider_eye":1,"minecraft:mossy_cobblestone":1,"minecraft:arrow":6,"minecraft:rotten_flesh":9,"minecraft:diamond":45,"minecraft:granite":16,"minecraft:oak_sapling":3,"minecraft:black_wool":1,"minecraft:mutton":14,"minecraft:coal":58,"minecraft:white_wool":5,"minecraft:cobblestone":163,"minecraft:ender_pearl":1},"minecraft:used":{"minecraft:cooked_mutton":3,"minecraft:diorite":3,"minecraft:stone_pickaxe":77,"minecraft:wooden_pickaxe":3,"minecraft:shield":21,"minecraft:iron_sword":75,"minecraft:torch":4,"minecraft:mutton":2,"minecraft:crafting_table":11,"minecraft:dripstone_block":6,"minecraft:granite":7,"minecraft:smoker":2,"minecraft:lava_bucket":1,"minecraft:diamond_pickaxe":346,"minecraft:apple":1,"minecraft:iron_pickaxe":156,"minecraft:iron_boots":1,"minecraft:gravel":1,"minecraft:stone_axe":26,"minecraft:diamond_sword":64,"minecraft:cobblestone":18,"minecraft:furnace":4,"minecraft:bucket":2,"minecraft:andesite":3,"minecraft:oak_boat":1,"minecraft:cooked_beef":7,"minecraft:cobbled_deepslate":42},"minecraft:killed":{"minecraft:spider":5,"minecraft:creeper":1,"minecraft:sheep":5,"minecraft:skeleton":9,"minecraft:zombie":11,"minecraft:enderman":2,"minecraft:cow":7},"minecraft:crafted":{"minecraft:cooked_beef":19,"minecraft:oak_planks":32,"minecraft:diamond_sword":1,"minecraft:crafting_table":2,"minecraft:wooden_pickaxe":1,"minecraft:iron_sword":1,"minecraft:furnace":2,"minecraft:leather_helmet":1,"minecraft:stone_axe":1,"minecraft:cooked_mutton":4,"minecraft:air":0,"minecraft:oak_boat":1,"minecraft:diamond_leggings":1,"minecraft:diamond_helmet":1,"minecraft:iron_chestplate":1,"minecraft:iron_boots":1,"minecraft:diamond_pickaxe":1,"minecraft:shield":1,"minecraft:stick":20,"minecraft:iron_ingot":23,"minecraft:iron_pickaxe":1,"minecraft:stone_pickaxe":1,"minecraft:diamond_boots":1,"minecraft:iron_leggings":1,"minecraft:torch":4,"minecraft:diamond_chestplate":1,"minecraft:smoker":1},"minecraft:dropped":{"minecraft:sugar_cane":2,"minecraft:cobbled_deepslate":1,"minecraft:mossy_cobblestone":1,"minecraft:tuff":2,"minecraft:pointed_dripstone":3,"minecraft:cobblestone":4,"minecraft:iron_boots":1,"minecraft:granite":9,"minecraft:leather_helmet":1,"minecraft:dirt":1,"minecraft:diorite":3,"minecraft:iron_chestplate":1,"minecraft:andesite":8,"minecraft:oak_sapling":3,"minecraft:iron_leggings":1,"minecraft:black_wool":1},"minecraft:custom":{"minecraft:interact_with_furnace":16,"minecraft:mob_kills":42,"minecraft:interact_with_crafting_table":29,"minecraft:leave_game":2,"minecraft:time_since_death":44837,"minecraft:time_since_rest":44837,"minecraft:sprint_one_cm":71392,"minecraft:damage_taken":781,"minecraft:walk_one_cm":85412,"minecraft:damage_blocked_by_shield":670,"minecraft:drop":17,"minecraft:damage_dealt":7545,"minecraft:swim_one_cm":19623,"minecraft:fly_one_cm":129448,"minecraft:open_chest":4,"minecraft:crouch_one_cm":11882,"minecraft:play_time":44837,"minecraft:sneak_time":6640,"minecraft:walk_under_water_one_cm":4984,"minecraft:jump":886,"minecraft:walk_on_water_one_cm":10235,"minecraft:interact_with_smoker":11,"minecraft:total_world_time":44837,"minecraft:fall_one_cm":37646},"minecraft:mined":{"minecraft:tuff":11,"minecraft:mossy_cobblestone":1,"minecraft:deepslate_diamond_ore":45,"minecraft:smoker":2,"minecraft:crafting_table":10,"minecraft:granite":16,"minecraft:grass_block":1,"minecraft:tall_grass":2,"minecraft:cobblestone":8,"minecraft:lapis_ore":2,"minecraft:sugar_cane":3,"minecraft:diorite":6,"minecraft:furnace":4,"minecraft:iron_ore":57,"minecraft:cobbled_deepslate":4,"minecraft:andesite":11,"minecraft:deepslate_lapis_ore":2,"minecraft:grass":5,"minecraft:coal_ore":27,"minecraft:pointed_dripstone":1,"minecraft:oak_log":19,"minecraft:deepslate_iron_ore":8,"minecraft:gravel":5,"minecraft:dripstone_block":6,"minecraft:stone":156,"minecraft:oak_leaves":1,"minecraft:deepslate":212}},"DataVersion":3337}