{"stats":{"minecraft:picked_up":{"minecraft:crafting_table":10,"minecraft:andesite":11,"minecraft:leather":8,"minecraft:smoker":2,"minecraft:tuff":11,"minecraft:oak_log":19,"minecraft:gunpowder":4,"minecraft:lapis_lazuli":25,"minecraft:string":4,"minecraft:dirt":1,"minecraft:cooked_mutton":4,"minecraft:bone":11,"minecraft:apple":1,"minecraft:cobbled_deepslate":216,"minecraft:beef":19,"minecraft:iron_ingot":2,"minecraft:oak_boat":2,"minecraft:sugar_cane":5,"minecraft:furnace":4,"minecraft:raw_iron":98,"minecraft:gravel":5,"minecraft:dripstone_block":6,"minecraft:pointed_dripstone":3,"minecraft:diorite":8,"minecraft:spider_eye":1,"minecraft:mossy_cobblestone":1,"minecraft:arrow":10,"minecraft:rotten_flesh":11,"minecraft:diamond":47,"minecraft:granite":16,"minecraft:oak_sapling":3,"minecraft:black_wool":1,"minecraft:mutton":14,"minecraft:coal":58,"minecraft:white_wool":5,"minecraft:cobblestone":188,"minecraft:ender_pearl":2},"minecraft:used":{"minecraft:cooked_mutton":3,"minecraft:diorite":3,"minecraft:stone_pickaxe":77,"minecraft:wooden_pickaxe":3,"minecraft:shield":22,"minecraft:iron_sword":75,"minecraft:torch":4,"minecraft:mutton":2,"minecraft:crafting_table":12,"minecraft:dripstone_block":6,"minecraft:granite":7,"minecraft:smoker":2,"minecraft:lava_bucket":1,"minecraft:diamond_pickaxe":416,"minecraft:apple":1,"minecraft:iron_pickaxe":156,"minecraft:iron_boots":1,"minecraft:gravel":1,"minecraft:stone_axe":26,"minecraft:diamond_sword":94,"minecraft:cobblestone":22,"minecraft:furnace":4,"minecraft:bucket":2,"minecraft:andesite":3,"minecraft:oak_boat":3,"minecraft:cooked_beef":10,"minecraft:cobbled_deepslate":46},"minecraft:killed":{"minecraft:spider":6,"minecraft:creeper":1,"minecraft:sheep":5,"minecraft:skeleton":11,"minecraft:zombie":13,"minecraft:enderman":2,"minecraft:cow":7},"minecraft:crafted":{"minecraft:cooked_beef":19,"minecraft:oak_planks":40,"minecraft:diamond_sword":1,"minecraft:crafting_table":2,"minecraft:wooden_pickaxe":1,"minecraft:iron_sword":1,"minecraft:furnace":2,"minecraft:leather_helmet":1,"minecraft:stone_axe":1,"minecraft:cooked_mutton":4,"minecraft:air":0,"minecraft:oak_boat":2,"minecraft:diamond_leggings":1,"minecraft:diamond_helmet":1,"minecraft:iron_chestplate":1,"minecraft:iron_boots":1,"minecraft:diamond_pickaxe":1,"minecraft:shield":1,"minecraft:stick":20,"minecraft:iron_ingot":23,"minecraft:iron_pickaxe":1,"minecraft:stone_pickaxe":1,"minecraft:diamond_boots":1,"minecraft:iron_leggings":1,"minecraft:torch":4,"minecraft:diamond_chestplate":1,"minecraft:smoker":1},"minecraft:dropped":{"minecraft:iron_sword":1,"minecraft:sugar_cane":2,"minecraft:cobbled_deepslate":3,"minecraft:mossy_cobblestone":1,"minecraft:tuff":2,"minecraft:pointed_dripstone":3,"minecraft:rotten_flesh":7,"minecraft:cobblestone":71,"minecraft:oak_planks":3,"minecraft:iron_boots":1,"minecraft:granite":9,"minecraft:leather_helmet":1,"minecraft:dirt":1,"minecraft:gunpowder":4,"minecraft:diorite":5,"minecraft:iron_chestplate":1,"minecraft:andesite":8,"minecraft:oak_sapling":3,"minecraft:spider_eye":1,"minecraft:iron_leggings":1,"minecraft:stone_pickaxe":1,"minecraft:iron_pickaxe":1,"minecraft:black_wool":1},"minecraft:custom":{"minecraft:interact_with_furnace":16,"minecraft:mob_kills":49,"minecraft:interact_with_crafting_table":30,"minecraft:leave_game":2,"minecraft:time_since_death":56837,"minecraft:climb_one_cm":325,"minecraft:time_since_rest":56837,"minecraft:sprint_one_cm":113303,"minecraft:damage_taken":907,"minecraft:walk_one_cm":94597,"minecraft:damage_blocked_by_shield":680,"minecraft:drop":28,"minecraft:damage_dealt":9237,"minecraft:swim_one_cm":37499,"minecraft:fly_one_cm":221183,"minecraft:open_chest":5,"minecraft:crouch_one_cm":12844,"minecraft:play_time":56837,"minecraft:sneak_time":6962,"minecraft:walk_under_water_one_cm":6449,"minecraft:boat_one_cm":52761,"minecraft:jump":1327,"minecraft:walk_on_water_one_cm":16916,"minecraft:interact_with_smoker":11,"minecraft:total_world_time":56837,"minecraft:fall_one_cm":46789},"minecraft:mined":{"minecraft:tuff":11,"minecraft:mossy_cobblestone":1,"minecraft:deepslate_diamond_ore":47,"minecraft:smoker":2,"minecraft:crafting_table":10,"minecraft:granite":16,"minecraft:grass_block":1,"minecraft:tall_grass":2,"minecraft:cobblestone":8,"minecraft:lapis_ore":2,"minecraft:sugar_cane":3,"minecraft:diorite":8,"minecraft:furnace":4,"minecraft:iron_ore":61,"minecraft:cobbled_deepslate":5,"minecraft:andesite":11,"minecraft:deepslate_lapis_ore":2,"minecraft:grass":7,"minecraft:coal_ore":27,"minecraft:pointed_dripstone":1,"minecraft:oak_log":19,"minecraft:deepslate_iron_ore":8,"minecraft:gravel":5,"minecraft:dripstone_block":6,"minecraft:stone":217,"minecraft:oak_leaves":1,"minecraft:deepslate":212}},"DataVersion":3337}