{"stats":{"minecraft:picked_up":{"minecraft:crafting_table":3,"minecraft:feather":2,"minecraft:chicken":1,"minecraft:clay_ball":16,"minecraft:oak_log":18,"minecraft:dirt":4,"minecraft:string":37,"minecraft:moss_carpet":5,"minecraft:bone":1,"minecraft:apple":1,"minecraft:wheat_seeds":3,"minecraft:cobbled_deepslate":48,"minecraft:raw_gold":5,"minecraft:azalea":1,"minecraft:melon_slice":23,"minecraft:moss_block":1,"minecraft:oak_planks":1,"minecraft:egg":3,"minecraft:raw_iron":8,"minecraft:oak_fence":1,"minecraft:torch":2,"minecraft:gravel":4,"minecraft:diorite":8,"minecraft:arrow":4,"minecraft:diamond":2,"minecraft:granite":5,"minecraft:oak_sapling":2,"minecraft:glow_berries":5,"minecraft:mutton":1,"minecraft:coal":15,"minecraft:white_wool":1,"minecraft:cobblestone":43},"minecraft:used":{"minecraft:oak_fence":1,"minecraft:moss_block":1,"minecraft:diorite":4,"minecraft:stone_sword":38,"minecraft:stone_pickaxe":106,"minecraft:wooden_pickaxe":21,"minecraft:torch":8,"minecraft:dirt":4,"minecraft:crafting_table":4,"minecraft:wooden_axe":20,"minecraft:apple":1,"minecraft:bread":2,"minecraft:melon_slice":23,"minecraft:iron_pickaxe":13,"minecraft:gravel":4,"minecraft:oak_sapling":2,"minecraft:egg":1},"minecraft:killed":{"minecraft:sheep":1,"minecraft:skeleton":2,"minecraft:chicken":1},"minecraft:crafted":{"minecraft:oak_planks":72,"minecraft:crafting_table":2,"minecraft:wooden_pickaxe":1,"minecraft:bucket":1,"minecraft:stick":12,"minecraft:iron_pickaxe":1,"minecraft:stone_pickaxe":1,"minecraft:wooden_axe":1,"minecraft:stone_sword":1,"minecraft:torch":8},"minecraft:killed_by":{"minecraft:cave_spider":1},"minecraft:custom":{"minecraft:mob_kills":4,"minecraft:interact_with_crafting_table":4,"minecraft:time_since_death":2127,"minecraft:climb_one_cm":2236,"minecraft:time_since_rest":2476,"minecraft:sprint_one_cm":177487,"minecraft:damage_taken":645,"minecraft:walk_one_cm":117531,"minecraft:damage_dealt":621,"minecraft:swim_one_cm":43438,"minecraft:fly_one_cm":114106,"minecraft:crouch_one_cm":9127,"minecraft:play_time":45081,"minecraft:deaths":1,"minecraft:sneak_time":3658,"minecraft:walk_under_water_one_cm":3962,"minecraft:jump":950,"minecraft:walk_on_water_one_cm":13305,"minecraft:total_world_time":45081,"minecraft:fall_one_cm":23296},"minecraft:mined":{"minecraft:deepslate_diamond_ore":2,"minecraft:oak_fence":1,"minecraft:clay":4,"minecraft:crafting_table":3,"minecraft:granite":5,"minecraft:grass_block":1,"minecraft:melon":5,"minecraft:deepslate_gold_ore":5,"minecraft:moss_block":1,"minecraft:oak_planks":1,"minecraft:diorite":9,"minecraft:wall_torch":2,"minecraft:spawner":3,"minecraft:birch_leaves":2,"minecraft:grass":3,"minecraft:coal_ore":15,"minecraft:oak_log":18,"minecraft:deepslate_iron_ore":8,"minecraft:gravel":5,"minecraft:dirt":3,"minecraft:cobweb":37,"minecraft:stone":43,"minecraft:oak_leaves":7,"minecraft:deepslate":48,"minecraft:fern":2}},"DataVersion":3337}