{"stats":{"minecraft:dropped":{"minecraft:wheat_seeds":2,"minecraft:rotten_flesh":1,"minecraft:stone_pickaxe":1,"minecraft:wooden_pickaxe":1},"minecraft:killed":{"minecraft:vex":1,"minecraft:evoker":1,"minecraft:pig":7,"minecraft:witch":1,"minecraft:vindicator":7,"minecraft:ravager":3,"minecraft:sheep":8,"minecraft:skeleton":3,"minecraft:pillager":21,"minecraft:zombie":13,"minecraft:cow":2},"minecraft:mined":{"minecraft:white_bed":3,"minecraft:crafting_table":3,"minecraft:torch":1,"minecraft:tall_grass":2,"minecraft:spruce_leaves":1,"minecraft:large_fern":2,"minecraft:furnace":1,"minecraft:iron_ore":29,"minecraft:white_wall_banner":1,"minecraft:gold_block":1,"minecraft:grass":7,"minecraft:oak_log":27,"minecraft:coal_ore":20,"minecraft:sand":1,"minecraft:stone":25},"minecraft:killed_by":{"minecraft:vindicator":16,"minecraft:player":2,"minecraft:skeleton":1,"minecraft:zombie":1,"minecraft:pillager":3,"minecraft:ravager":6,"minecraft:vex":8},"minecraft:custom":{"minecraft:interact_with_furnace":36,"minecraft:mob_kills":80,"minecraft:interact_with_crafting_table":14,"minecraft:play_one_minute":74738,"minecraft:leave_game":2,"minecraft:time_since_death":24922,"minecraft:sleep_in_bed":3,"minecraft:climb_one_cm":865,"minecraft:time_since_rest":14095,"minecraft:sprint_one_cm":399050,"minecraft:damage_taken":12212,"minecraft:walk_one_cm":110677,"minecraft:damage_blocked_by_shield":2040,"minecraft:drop":5,"minecraft:damage_dealt":15201,"minecraft:swim_one_cm":2981,"minecraft:talked_to_villager":8,"minecraft:player_kills":2,"minecraft:fly_one_cm":360783,"minecraft:raid_win":1,"minecraft:open_chest":14,"minecraft:crouch_one_cm":9268,"minecraft:deaths":37,"minecraft:sneak_time":3041,"minecraft:walk_under_water_one_cm":520,"minecraft:jump":1904,"minecraft:walk_on_water_one_cm":2176,"minecraft:fall_one_cm":50755,"minecraft:horse_one_cm":775415},"minecraft:broken":{"minecraft:stone_axe":2,"minecraft:iron_boots":1,"minecraft:iron_chestplate":1,"minecraft:wooden_axe":1,"minecraft:iron_leggings":1},"minecraft:crafted":{"minecraft:cooked_beef":4,"minecraft:oak_planks":108,"minecraft:cooked_porkchop":13,"minecraft:crafting_table":1,"minecraft:wooden_pickaxe":1,"minecraft:furnace":1,"minecraft:stone_axe":2,"minecraft:cooked_mutton":16,"minecraft:air":0,"minecraft:iron_boots":1,"minecraft:iron_chestplate":1,"minecraft:shield":1,"minecraft:iron_axe":1,"minecraft:stick":12,"minecraft:iron_ingot":17,"minecraft:wooden_axe":1,"minecraft:gold_ingot":9,"minecraft:iron_leggings":1,"minecraft:white_bed":1},"minecraft:picked_up":{"minecraft:crafting_table":3,"minecraft:brown_wool":1,"minecraft:leather":3,"minecraft:gold_block":1,"minecraft:oak_log":27,"minecraft:dirt":18,"minecraft:white_banner":2,"minecraft:bone":4,"minecraft:wheat_seeds":3,"minecraft:iron_ingot":4,"minecraft:beef":4,"minecraft:stone_pickaxe":1,"minecraft:iron_ore":29,"minecraft:glass_bottle":1,"minecraft:furnace":1,"minecraft:egg":2,"minecraft:stick":2,"minecraft:porkchop":13,"minecraft:sand":1,"minecraft:white_bed":3,"minecraft:arrow":4,"minecraft:rotten_flesh":1,"minecraft:crossbow":2,"minecraft:gray_wool":1,"minecraft:saddle":1,"minecraft:emerald":2,"minecraft:oak_sapling":1,"minecraft:black_wool":1,"minecraft:mutton":16,"minecraft:coal":20,"minecraft:white_wool":6,"minecraft:cobblestone":24},"minecraft:used":{"minecraft:wooden_pickaxe":45,"minecraft:shield":29,"minecraft:crafting_table":3,"minecraft:white_bed":3,"minecraft:crossbow":3,"minecraft:obsidian":1,"minecraft:wooden_axe":37,"minecraft:black_wool":1,"minecraft:iron_axe":53,"minecraft:bread":22,"minecraft:iron_pickaxe":32,"minecraft:stone_axe":148,"minecraft:furnace":1,"minecraft:oak_sapling":1,"minecraft:white_banner":2,"minecraft:cooked_porkchop":1,"minecraft:egg":2,"minecraft:experience_bottle":1}},"DataVersion":2567}