{"stats":{"minecraft:used":{"minecraft:wooden_axe":3,"minecraft:apple":1,"minecraft:crafting_table":1,"minecraft:oak_sapling":1,"minecraft:melon_slice":5,"minecraft:egg":1},"minecraft:picked_up":{"minecraft:crafting_table":1,"minecraft:apple":1,"minecraft:oak_log":18,"minecraft:melon_slice":23,"minecraft:oak_sapling":2,"minecraft:mutton":1,"minecraft:white_wool":1,"minecraft:egg":1},"minecraft:killed":{"minecraft:sheep":1},"minecraft:crafted":{"minecraft:oak_planks":72,"minecraft:crafting_table":1,"minecraft:stick":4,"minecraft:wooden_pickaxe":1,"minecraft:wooden_axe":1},"minecraft:custom":{"minecraft:time_since_rest":9081,"minecraft:crouch_one_cm":324,"minecraft:play_time":9081,"minecraft:sprint_one_cm":30298,"minecraft:damage_taken":200,"minecraft:walk_one_cm":13640,"minecraft:sneak_time":107,"minecraft:walk_under_water_one_cm":995,"minecraft:mob_kills":1,"minecraft:jump":232,"minecraft:damage_dealt":60,"minecraft:time_since_death":9081,"minecraft:walk_on_water_one_cm":4044,"minecraft:climb_one_cm":1745,"minecraft:total_world_time":9081,"minecraft:swim_one_cm":18146,"minecraft:interact_with_crafting_table":1,"minecraft:fall_one_cm":5742,"minecraft:fly_one_cm":31557},"minecraft:mined":{"minecraft:grass":1,"minecraft:oak_log":18,"minecraft:melon":5,"minecraft:fern":1,"minecraft:birch_leaves":2,"minecraft:crafting_table":1,"minecraft:oak_leaves":2}},"DataVersion":3337}