{"stats":{"minecraft:used":{"minecraft:wooden_axe":5,"minecraft:apple":1,"minecraft:melon_slice":12,"minecraft:stone_pickaxe":37,"minecraft:wooden_pickaxe":21,"minecraft:crafting_table":2,"minecraft:oak_sapling":2,"minecraft:egg":1},"minecraft:picked_up":{"minecraft:crafting_table":2,"minecraft:feather":2,"minecraft:chicken":1,"minecraft:oak_log":18,"minecraft:diorite":8,"minecraft:dirt":4,"minecraft:apple":1,"minecraft:wheat_seeds":1,"minecraft:granite":5,"minecraft:oak_sapling":2,"minecraft:melon_slice":23,"minecraft:mutton":1,"minecraft:coal":15,"minecraft:white_wool":1,"minecraft:cobblestone":29,"minecraft:egg":1},"minecraft:killed":{"minecraft:sheep":1,"minecraft:chicken":1},"minecraft:crafted":{"minecraft:oak_planks":72,"minecraft:crafting_table":1,"minecraft:stick":8,"minecraft:wooden_pickaxe":1,"minecraft:stone_pickaxe":1,"minecraft:wooden_axe":1},"minecraft:custom":{"minecraft:time_since_rest":21081,"minecraft:sprint_one_cm":79221,"minecraft:damage_taken":250,"minecraft:walk_one_cm":44676,"minecraft:mob_kills":2,"minecraft:damage_dealt":100,"minecraft:interact_with_crafting_table":2,"minecraft:swim_one_cm":40306,"minecraft:fly_one_cm":80070,"minecraft:crouch_one_cm":1798,"minecraft:play_time":21081,"minecraft:sneak_time":827,"minecraft:walk_under_water_one_cm":3145,"minecraft:jump":557,"minecraft:walk_on_water_one_cm":6783,"minecraft:time_since_death":21081,"minecraft:total_world_time":21081,"minecraft:climb_one_cm":2054,"minecraft:fall_one_cm":13253},"minecraft:mined":{"minecraft:birch_leaves":2,"minecraft:crafting_table":2,"minecraft:granite":5,"minecraft:grass":2,"minecraft:grass_block":1,"minecraft:oak_log":18,"minecraft:coal_ore":15,"minecraft:melon":5,"minecraft:dirt":3,"minecraft:stone":30,"minecraft:diorite":8,"minecraft:oak_leaves":7,"minecraft:fern":2}},"DataVersion":3337}