{"stats":{"minecraft:picked_up":{"minecraft:raw_iron":7,"minecraft:crafting_table":2,"minecraft:feather":2,"minecraft:chicken":1,"minecraft:clay_ball":16,"minecraft:oak_fence":1,"minecraft:torch":1,"minecraft:gravel":4,"minecraft:oak_log":18,"minecraft:diorite":8,"minecraft:string":37,"minecraft:moss_carpet":5,"minecraft:dirt":4,"minecraft:bone":1,"minecraft:arrow":2,"minecraft:apple":1,"minecraft:wheat_seeds":3,"minecraft:cobbled_deepslate":37,"minecraft:granite":5,"minecraft:oak_planks":1,"minecraft:azalea":1,"minecraft:moss_block":1,"minecraft:glow_berries":5,"minecraft:oak_sapling":2,"minecraft:melon_slice":23,"minecraft:mutton":1,"minecraft:coal":15,"minecraft:white_wool":1,"minecraft:cobblestone":43,"minecraft:egg":1},"minecraft:used":{"minecraft:moss_block":1,"minecraft:oak_fence":1,"minecraft:wooden_axe":13,"minecraft:stone_sword":38,"minecraft:apple":1,"minecraft:melon_slice":19,"minecraft:stone_pickaxe":98,"minecraft:wooden_pickaxe":21,"minecraft:torch":5,"minecraft:dirt":4,"minecraft:crafting_table":3,"minecraft:oak_sapling":2,"minecraft:egg":1},"minecraft:killed":{"minecraft:sheep":1,"minecraft:skeleton":1,"minecraft:chicken":1},"minecraft:crafted":{"minecraft:oak_planks":72,"minecraft:crafting_table":1,"minecraft:stick":12,"minecraft:wooden_pickaxe":1,"minecraft:stone_pickaxe":1,"minecraft:wooden_axe":1,"minecraft:stone_sword":1,"minecraft:torch":8},"minecraft:custom":{"minecraft:time_since_rest":33081,"minecraft:sprint_one_cm":106666,"minecraft:damage_taken":405,"minecraft:walk_one_cm":76959,"minecraft:mob_kills":3,"minecraft:damage_dealt":301,"minecraft:interact_with_crafting_table":3,"minecraft:swim_one_cm":41634,"minecraft:fly_one_cm":94644,"minecraft:crouch_one_cm":7261,"minecraft:play_time":33081,"minecraft:sneak_time":2787,"minecraft:walk_under_water_one_cm":3625,"minecraft:jump":728,"minecraft:walk_on_water_one_cm":9867,"minecraft:time_since_death":33081,"minecraft:total_world_time":33081,"minecraft:climb_one_cm":2236,"minecraft:fall_one_cm":18554},"minecraft:mined":{"minecraft:birch_leaves":2,"minecraft:oak_fence":1,"minecraft:clay":4,"minecraft:crafting_table":2,"minecraft:granite":5,"minecraft:grass":3,"minecraft:grass_block":1,"minecraft:oak_log":18,"minecraft:coal_ore":15,"minecraft:melon":5,"minecraft:deepslate_iron_ore":7,"minecraft:gravel":4,"minecraft:dirt":3,"minecraft:cobweb":37,"minecraft:spawner":3,"minecraft:wall_torch":1,"minecraft:oak_planks":1,"minecraft:stone":43,"minecraft:moss_block":1,"minecraft:diorite":8,"minecraft:oak_leaves":7,"minecraft:deepslate":37,"minecraft:fern":2}},"DataVersion":3337}