{"stats":{"minecraft:dropped":{"minecraft:stone_axe":1,"minecraft:wheat_seeds":8,"minecraft:rotten_flesh":5,"minecraft:azure_bluet":1,"minecraft:stone_pickaxe":1,"minecraft:wooden_pickaxe":1,"minecraft:spruce_sapling":4},"minecraft:killed":{"minecraft:evoker":1,"minecraft:pig":16,"minecraft:witch":2,"minecraft:spider":1,"minecraft:vindicator":7,"minecraft:ravager":1,"minecraft:creeper":1,"minecraft:sheep":8,"minecraft:skeleton":3,"minecraft:pillager":11,"minecraft:zombie":11,"minecraft:cow":11},"minecraft:mined":{"minecraft:crafting_table":6,"minecraft:torch":1,"minecraft:grass_block":2,"minecraft:tall_grass":2,"minecraft:oak_planks":3,"minecraft:diorite":10,"minecraft:large_fern":1,"minecraft:purple_bed":2,"minecraft:furnace":8,"minecraft:iron_ore":105,"minecraft:andesite":2,"minecraft:grass":9,"minecraft:oak_log":23,"minecraft:coal_ore":101,"minecraft:stone":403,"minecraft:gold_ore":32,"minecraft:fern":1},"minecraft:killed_by":{"minecraft:vindicator":13,"minecraft:player":1,"minecraft:creeper":2,"minecraft:zombie":2,"minecraft:ravager":5,"minecraft:vex":6},"minecraft:custom":{"minecraft:interact_with_furnace":41,"minecraft:mob_kills":69,"minecraft:interact_with_crafting_table":19,"minecraft:play_one_minute":76215,"minecraft:bell_ring":3,"minecraft:leave_game":2,"minecraft:time_since_death":23445,"minecraft:sleep_in_bed":2,"minecraft:climb_one_cm":151,"minecraft:time_since_rest":13952,"minecraft:sprint_one_cm":270315,"minecraft:damage_taken":10757,"minecraft:walk_one_cm":161881,"minecraft:damage_blocked_by_shield":1640,"minecraft:drop":11,"minecraft:damage_dealt":14186,"minecraft:swim_one_cm":13142,"minecraft:talked_to_villager":1,"minecraft:player_kills":3,"minecraft:fly_one_cm":342798,"minecraft:raid_win":1,"minecraft:open_chest":9,"minecraft:crouch_one_cm":41841,"minecraft:deaths":29,"minecraft:sneak_time":9533,"minecraft:walk_under_water_one_cm":1630,"minecraft:jump":1761,"minecraft:walk_on_water_one_cm":9911,"minecraft:fall_one_cm":44232},"minecraft:broken":{"minecraft:stone_pickaxe":1,"minecraft:iron_boots":1,"minecraft:iron_pickaxe":1,"minecraft:iron_chestplate":1,"minecraft:iron_leggings":1},"minecraft:crafted":{"minecraft:cooked_beef":9,"minecraft:oak_planks":92,"minecraft:cooked_porkchop":23,"minecraft:crafting_table":2,"minecraft:iron_helmet":1,"minecraft:wooden_pickaxe":1,"minecraft:iron_sword":1,"minecraft:furnace":2,"minecraft:stone_axe":1,"minecraft:air":0,"minecraft:iron_boots":2,"minecraft:iron_chestplate":2,"minecraft:shield":1,"minecraft:iron_axe":1,"minecraft:stick":20,"minecraft:iron_ingot":51,"minecraft:iron_pickaxe":4,"minecraft:stone_pickaxe":2,"minecraft:chest":2,"minecraft:iron_leggings":2,"minecraft:torch":32},"minecraft:picked_up":{"minecraft:crafting_table":6,"minecraft:azure_bluet":1,"minecraft:cooked_beef":9,"minecraft:andesite":2,"minecraft:leather":16,"minecraft:wooden_pickaxe":2,"minecraft:potato":1,"minecraft:oak_log":23,"minecraft:gunpowder":3,"minecraft:dirt":2,"minecraft:string":2,"minecraft:white_banner":1,"minecraft:iron_axe":1,"minecraft:bone":5,"minecraft:bow":1,"minecraft:wheat_seeds":9,"minecraft:iron_ingot":9,"minecraft:beef":27,"minecraft:stone_pickaxe":1,"minecraft:iron_ore":124,"minecraft:iron_pickaxe":1,"minecraft:oak_planks":30,"minecraft:furnace":8,"minecraft:egg":6,"minecraft:stick":8,"minecraft:cooked_porkchop":10,"minecraft:gravel":2,"minecraft:porkchop":33,"minecraft:spruce_sapling":4,"minecraft:diorite":26,"minecraft:gold_ore":32,"minecraft:pumpkin_seeds":6,"minecraft:arrow":2,"minecraft:purple_bed":2,"minecraft:rotten_flesh":15,"minecraft:stone_axe":1,"minecraft:crossbow":1,"minecraft:saddle":2,"minecraft:totem_of_undying":1,"minecraft:emerald":5,"minecraft:mutton":15,"minecraft:coal":119,"minecraft:white_wool":8,"minecraft:cobblestone":405},"minecraft:used":{"minecraft:diorite":26,"minecraft:stone_pickaxe":223,"minecraft:oak_planks":7,"minecraft:chest":2,"minecraft:wooden_pickaxe":4,"minecraft:shield":28,"minecraft:iron_sword":145,"minecraft:torch":7,"minecraft:dirt":2,"minecraft:crafting_table":8,"minecraft:crossbow":1,"minecraft:iron_axe":65,"minecraft:iron_pickaxe":434,"minecraft:gravel":2,"minecraft:stone_axe":44,"minecraft:cobblestone":26,"minecraft:purple_bed":2,"minecraft:furnace":10,"minecraft:cooked_porkchop":10,"minecraft:andesite":2,"minecraft:egg":6,"minecraft:cooked_beef":11}},"DataVersion":2567}